﻿{  
  "maxerr": 50,

  "bitwise": true,
  "camelcase": true,
  "curly": true,
  "eqeqeq": true,
  "forin": true,
  "freeze": true,
  "immed": true,
  "latedef": false,
  "newcap": true,
  "noarg": true,
  "noempty": true,
  "nonbsp": true,
  "nonew": false,
  "plusplus": true,
  "quotmark": "single",

  "undef": true,
  "unused": true,
  "strict": true,
  "maxparams": false,
  "maxdepth": false,
  "maxstatements": false,
  "maxcomplexity": false,
  "maxlen": false,
  "varstmt": false,

  "asi": false,
  "boss": false,
  "debug": false,
  "eqnull": false,
  "esversion": 5,
  "moz": false,

  "evil": false,
  "expr": false,
  "funcscope": false,
  "globalstrict": false,
  "iterator": false,
  "lastsemic": false,
  "laxbreak": false,
  "laxcomma": false,
  "loopfunc": false,
  "multistr": false,
  "noyield": false,
  "notypeof": false,
  "proto": false,
  "scripturl": false,
  "shadow": false,
  "sub": false,
  "supernew": false,
  "validthis": false,

  "browser": true,
  "browserify": false,
  "couch": false,
  "devel": true,
  "dojo": false,
  "jasmine": false,
  "jquery": true,
  "mocha": false,
  "mootools": false,
  "node": true,
  "nonstandard": false,
  "phantom": false,
  "prototypejs": false,
  "qunit": false,
  "rhino": false,
  "shelljs": false,
  "typed": false,
  "worker": false,
  "wsh": false,
  "yui": false,

  "globals": { "N":  false },
  
  "predef" : ["define"]
}